Name,Email
Approver One,approver1@company3.com
Approver Two,approver2@company3.com
Approver Three,approver3@company3.com
Approver Four,approver4@company3.com
Approver Five,approver5@company3.com
Approver Six,approver6@company3.com
Approver Seven,approver7@company3.com
Approver Eight,approver8@company3.com
Approver Nine,approver9@company3.com
N/A,
Approver FortyThree,approver43@company3.com
Single Approver 1,singleApprover1@company3.com
Single Approver 2,singleApprover2@company3.com
Single Approver 3,singleApprover3@company3.com
Single Approver 4,singleApprover4@company3.com
Single Approver 5,singleApprover5@company3.com
Single Approver 6,singleApprover6@company3.com
